show_id,type,title,director,cast,country,date_added,release_year,rating,duration,listed_in
s0001,Movie,Hidden Truth 1,Director 8,"Actor A, Actor B",India,2018-08-17,2015,PG,154 min,Drama
s0002,Movie,History 101 2,Director 14,"Actor A, Actor B",United States,2022-02-25,2016,TV-MA,71 min,Comedy
s0003,Movie,Tech World 3,Director 7,"Actor A, Actor B",Australia,2020-10-31,2002,R,88 min,Documentary
s0004,Movie,Love in Paris 4,Director 14,"Actor A, Actor B",United Kingdom,2019-07-24,2013,PG-13,79 min,Comedy
s0005,Movie,Mystery Island 5,Director 13,"Actor A, Actor B",United States,2019-11-21,2019,PG-13,168 min,Action
s0006,Movie,Wild Life 6,Director 18,"Actor A, Actor B",United States,2019-06-26,2014,R,70 min,Thriller
s0007,TV Show,History 101 7,Director 7,"Actor A, Actor B",United States,2022-08-26,2004,TV-MA,144 min,Comedy
s0008,Movie,Space Journey 8,Director 4,"Actor A, Actor B",Canada,2019-08-16,2019,PG-13,118 min,Action
s0009,TV Show,Space Journey 9,Director 9,"Actor A, Actor B",United States,2020-01-29,2000,TV-14,141 min,Comedy
s0010,Movie,Love in Paris 10,Director 15,"Actor A, Actor B",Canada,2022-02-02,2012,PG-13,178 min,Thriller
s0011,TV Show,The Great Escape 11,Director 8,"Actor A, Actor B",United States,2021-11-03,2002,PG-13,111 min,Action
s0012,TV Show,Space Journey 12,Director 16,"Actor A, Actor B",Canada,2019-03-09,1997,R,78 min,Action
s0013,TV Show,History 101 13,Director 14,"Actor A, Actor B",Australia,2019-05-21,1999,R,106 min,Comedy
s0014,TV Show,Mystery Island 14,Director 2,"Actor A, Actor B",United States,2020-11-09,1999,PG,140 min,Comedy
s0015,TV Show,History 101 15,Director 3,"Actor A, Actor B",Canada,2021-10-25,2020,R,136 min,Documentary
s0016,Movie,Mystery Island 16,Director 18,"Actor A, Actor B",United Kingdom,2019-05-30,2011,PG-13,74 min,Action
s0017,TV Show,The Great Escape 17,Director 9,"Actor A, Actor B",Australia,2018-11-20,2008,PG,124 min,Drama
s0018,TV Show,Tech World 18,Director 20,"Actor A, Actor B",India,2021-07-04,2022,PG,107 min,Comedy
s0019,Movie,History 101 19,Director 11,"Actor A, Actor B",Canada,2023-05-07,2012,TV-MA,74 min,Action
s0020,TV Show,Space Journey 20,Director 2,"Actor A, Actor B",India,2022-08-31,2023,TV-14,70 min,Drama
s0021,Movie,Tech World 21,Director 5,"Actor A, Actor B",India,2020-09-22,2018,R,130 min,Comedy
s0022,TV Show,Space Journey 22,Director 18,"Actor A, Actor B",India,2020-12-16,2003,PG-13,111 min,Action
s0023,TV Show,Mystery Island 23,Director 8,"Actor A, Actor B",India,2023-01-17,2009,TV-MA,103 min,Drama
s0024,Movie,History 101 24,Director 8,"Actor A, Actor B",United States,2021-02-08,2013,TV-MA,150 min,Drama
s0025,Movie,The Last Stand 25,Director 3,"Actor A, Actor B",Australia,2018-05-19,2002,PG,95 min,Documentary
s0026,Movie,History 101 26,Director 19,"Actor A, Actor B",Canada,2021-01-09,2001,PG,160 min,Documentary
s0027,Movie,Mystery Island 27,Director 4,"Actor A, Actor B",Canada,2020-04-13,2020,PG-13,114 min,Documentary
s0028,Movie,Mystery Island 28,Director 2,"Actor A, Actor B",Canada,2022-11-05,2009,PG-13,162 min,Drama
s0029,Movie,Tech World 29,Director 15,"Actor A, Actor B",India,2019-01-28,2002,R,83 min,Action
s0030,Movie,Wild Life 30,Director 18,"Actor A, Actor B",United States,2019-05-27,2009,TV-MA,143 min,Thriller
s0031,Movie,Space Journey 31,Director 6,"Actor A, Actor B",Canada,2018-01-31,2021,R,121 min,Comedy
s0032,Movie,Love in Paris 32,Director 13,"Actor A, Actor B",United States,2020-04-01,2022,R,93 min,Documentary
s0033,TV Show,Love in Paris 33,Director 7,"Actor A, Actor B",United Kingdom,2020-05-16,2004,PG,67 min,Thriller
s0034,Movie,The Last Stand 34,Director 2,"Actor A, Actor B",United States,2021-01-15,2018,TV-14,121 min,Thriller
s0035,Movie,The Great Escape 35,Director 17,"Actor A, Actor B",United States,2020-12-23,2022,PG,68 min,Thriller
s0036,Movie,Comedy Nights 36,Director 4,"Actor A, Actor B",Australia,2021-10-14,1997,PG,134 min,Thriller
s0037,Movie,Comedy Nights 37,Director 19,"Actor A, Actor B",Australia,2021-06-22,1996,TV-14,100 min,Action
s0038,TV Show,Space Journey 38,Director 9,"Actor A, Actor B",Canada,2021-10-03,2001,PG,145 min,Action
s0039,Movie,The Great Escape 39,Director 15,"Actor A, Actor B",Australia,2019-10-10,2009,TV-14,72 min,Drama
s0040,TV Show,Love in Paris 40,Director 12,"Actor A, Actor B",United States,2019-03-13,2012,PG,107 min,Action
s0041,TV Show,History 101 41,Director 17,"Actor A, Actor B",United States,2020-06-16,2000,TV-14,98 min,Drama
s0042,TV Show,Mystery Island 42,Director 4,"Actor A, Actor B",Australia,2018-10-03,2023,PG,94 min,Action
s0043,TV Show,Space Journey 43,Director 9,"Actor A, Actor B",Australia,2019-03-08,2014,R,92 min,Drama
s0044,TV Show,Hidden Truth 44,Director 2,"Actor A, Actor B",United States,2021-07-23,1997,PG-13,158 min,Comedy
s0045,Movie,Wild Life 45,Director 18,"Actor A, Actor B",Canada,2019-06-21,2015,TV-14,61 min,Drama
s0046,Movie,Tech World 46,Director 2,"Actor A, Actor B",United Kingdom,2023-04-20,1997,TV-14,130 min,Comedy
s0047,Movie,Hidden Truth 47,Director 12,"Actor A, Actor B",United States,2018-09-19,2008,PG-13,86 min,Comedy
s0048,TV Show,Tech World 48,Director 14,"Actor A, Actor B",Australia,2018-07-30,2016,PG,178 min,Comedy
s0049,Movie,Comedy Nights 49,Director 1,"Actor A, Actor B",India,2018-11-29,2022,PG-13,160 min,Documentary
s0050,Movie,Hidden Truth 50,Director 6,"Actor A, Actor B",United States,2021-10-03,2020,R,171 min,Drama
s0051,Movie,Space Journey 51,Director 15,"Actor A, Actor B",United Kingdom,2020-08-21,2022,PG-13,165 min,Comedy
s0052,Movie,Comedy Nights 52,Director 11,"Actor A, Actor B",United Kingdom,2018-02-18,2002,TV-MA,158 min,Action
s0053,TV Show,Tech World 53,Director 11,"Actor A, Actor B",United States,2021-08-06,2006,TV-MA,172 min,Action
s0054,TV Show,The Great Escape 54,Director 4,"Actor A, Actor B",Australia,2021-04-04,2000,R,104 min,Action
s0055,Movie,Comedy Nights 55,Director 19,"Actor A, Actor B",India,2021-05-26,2008,PG-13,65 min,Documentary
s0056,Movie,The Last Stand 56,Director 14,"Actor A, Actor B",United States,2020-11-30,1995,PG-13,139 min,Action
s0057,Movie,Hidden Truth 57,Director 17,"Actor A, Actor B",United Kingdom,2022-10-03,2016,R,101 min,Documentary
s0058,Movie,Space Journey 58,Director 14,"Actor A, Actor B",Canada,2019-08-29,2017,PG,138 min,Thriller
s0059,Movie,Hidden Truth 59,Director 10,"Actor A, Actor B",India,2020-04-11,2004,R,160 min,Thriller
s0060,TV Show,Wild Life 60,Director 15,"Actor A, Actor B",Canada,2021-09-02,2014,PG,125 min,Documentary
s0061,Movie,Mystery Island 61,Director 10,"Actor A, Actor B",Australia,2023-01-20,2020,TV-14,102 min,Drama
s0062,Movie,Hidden Truth 62,Director 8,"Actor A, Actor B",India,2023-05-04,2021,PG,63 min,Drama
s0063,Movie,Wild Life 63,Director 14,"Actor A, Actor B",Australia,2020-08-31,2002,PG,151 min,Documentary
s0064,Movie,Love in Paris 64,Director 1,"Actor A, Actor B",United States,2020-03-29,2010,R,88 min,Comedy
s0065,TV Show,The Great Escape 65,Director 18,"Actor A, Actor B",India,2023-05-16,2020,TV-MA,118 min,Comedy
s0066,TV Show,Wild Life 66,Director 20,"Actor A, Actor B",Australia,2020-08-09,2020,R,166 min,Thriller
s0067,Movie,Wild Life 67,Director 15,"Actor A, Actor B",United Kingdom,2023-01-12,2009,PG,167 min,Action
s0068,TV Show,Space Journey 68,Director 9,"Actor A, Actor B",Canada,2022-05-12,2019,TV-MA,151 min,Action
s0069,TV Show,The Last Stand 69,Director 18,"Actor A, Actor B",United States,2019-07-11,2002,PG,79 min,Comedy
s0070,Movie,Space Journey 70,Director 3,"Actor A, Actor B",Canada,2021-11-22,2007,R,102 min,Thriller
s0071,Movie,Space Journey 71,Director 14,"Actor A, Actor B",Canada,2020-05-01,2009,TV-14,149 min,Drama
s0072,TV Show,Wild Life 72,Director 1,"Actor A, Actor B",United Kingdom,2022-12-09,2022,PG-13,156 min,Documentary
s0073,TV Show,Tech World 73,Director 18,"Actor A, Actor B",Australia,2023-01-01,2022,PG,122 min,Comedy
s0074,TV Show,The Great Escape 74,Director 13,"Actor A, Actor B",United Kingdom,2020-06-11,2003,R,152 min,Comedy
s0075,Movie,History 101 75,Director 18,"Actor A, Actor B",United States,2020-08-15,2021,R,135 min,Thriller
s0076,Movie,Comedy Nights 76,Director 5,"Actor A, Actor B",Canada,2018-02-25,2016,PG,66 min,Action
s0077,Movie,Wild Life 77,Director 11,"Actor A, Actor B",United Kingdom,2019-11-02,2007,R,95 min,Documentary
s0078,Movie,Wild Life 78,Director 1,"Actor A, Actor B",Australia,2022-09-06,2003,TV-MA,104 min,Comedy
s0079,Movie,The Great Escape 79,Director 8,"Actor A, Actor B",India,2018-05-21,2015,TV-MA,139 min,Comedy
s0080,TV Show,Mystery Island 80,Director 19,"Actor A, Actor B",India,2018-09-16,2002,R,149 min,Action
s0081,Movie,History 101 81,Director 20,"Actor A, Actor B",United States,2020-01-26,2019,PG,99 min,Drama
s0082,TV Show,History 101 82,Director 13,"Actor A, Actor B",Canada,2018-02-22,2013,PG,69 min,Thriller
s0083,Movie,Mystery Island 83,Director 10,"Actor A, Actor B",Australia,2022-08-29,2017,TV-MA,161 min,Thriller
s0084,TV Show,Tech World 84,Director 14,"Actor A, Actor B",United Kingdom,2018-03-26,2020,TV-MA,124 min,Action
s0085,TV Show,Wild Life 85,Director 4,"Actor A, Actor B",Canada,2022-10-06,1995,PG-13,141 min,Documentary
s0086,TV Show,Love in Paris 86,Director 17,"Actor A, Actor B",United Kingdom,2018-11-10,2017,TV-14,163 min,Thriller
s0087,TV Show,Comedy Nights 87,Director 19,"Actor A, Actor B",United Kingdom,2020-09-17,2019,PG-13,169 min,Comedy
s0088,Movie,Hidden Truth 88,Director 15,"Actor A, Actor B",India,2023-03-30,2021,R,132 min,Thriller
s0089,TV Show,The Great Escape 89,Director 16,"Actor A, Actor B",United Kingdom,2020-02-16,2016,PG,122 min,Comedy
s0090,TV Show,The Last Stand 90,Director 9,"Actor A, Actor B",Australia,2022-06-22,2006,PG-13,131 min,Drama
s0091,Movie,Mystery Island 91,Director 8,"Actor A, Actor B",Canada,2023-04-26,2011,R,131 min,Comedy
s0092,TV Show,Wild Life 92,Director 1,"Actor A, Actor B",United States,2020-09-02,2017,PG-13,88 min,Documentary
s0093,TV Show,History 101 93,Director 12,"Actor A, Actor B",Canada,2019-05-14,2017,TV-14,127 min,Action
s0094,TV Show,The Last Stand 94,Director 15,"Actor A, Actor B",United Kingdom,2022-03-08,2008,PG-13,92 min,Comedy
s0095,Movie,The Last Stand 95,Director 4,"Actor A, Actor B",Australia,2022-01-17,1998,PG,84 min,Comedy
s0096,TV Show,History 101 96,Director 17,"Actor A, Actor B",Australia,2020-09-18,2018,PG-13,72 min,Comedy
s0097,TV Show,Love in Paris 97,Director 10,"Actor A, Actor B",United States,2019-04-11,2004,TV-14,76 min,Action
s0098,Movie,Tech World 98,Director 10,"Actor A, Actor B",India,2023-06-19,1996,R,73 min,Drama
s0099,TV Show,Wild Life 99,Director 15,"Actor A, Actor B",United Kingdom,2019-08-06,2013,PG,66 min,Action
s0100,Movie,Mystery Island 100,Director 13,"Actor A, Actor B",Canada,2020-09-05,2022,TV-MA,133 min,Drama
s0101,TV Show,Mystery Island 101,Director 8,"Actor A, Actor B",United States,2018-11-02,1999,TV-14,157 min,Documentary
s0102,Movie,Tech World 102,Director 13,"Actor A, Actor B",Canada,2021-05-05,2014,R,98 min,Thriller
s0103,Movie,History 101 103,Director 4,"Actor A, Actor B",India,2019-09-18,2008,PG,93 min,Drama
s0104,Movie,Tech World 104,Director 3,"Actor A, Actor B",India,2019-05-07,2000,TV-MA,112 min,Documentary
s0105,TV Show,Hidden Truth 105,Director 2,"Actor A, Actor B",India,2021-05-01,2017,PG-13,150 min,Action
s0106,TV Show,Mystery Island 106,Director 8,"Actor A, Actor B",United Kingdom,2022-10-27,2017,TV-14,144 min,Comedy
s0107,Movie,Love in Paris 107,Director 9,"Actor A, Actor B",India,2018-08-24,2008,TV-MA,67 min,Comedy
s0108,TV Show,Wild Life 108,Director 4,"Actor A, Actor B",Canada,2019-09-22,2020,PG-13,149 min,Documentary
s0109,TV Show,Wild Life 109,Director 3,"Actor A, Actor B",Australia,2020-10-21,2003,TV-MA,173 min,Documentary
s0110,TV Show,The Great Escape 110,Director 3,"Actor A, Actor B",India,2019-10-23,2018,TV-14,135 min,Drama
s0111,TV Show,History 101 111,Director 2,"Actor A, Actor B",India,2021-10-08,2019,R,126 min,Documentary
s0112,TV Show,Wild Life 112,Director 3,"Actor A, Actor B",Canada,2019-01-07,2003,PG-13,112 min,Action
s0113,Movie,Love in Paris 113,Director 11,"Actor A, Actor B",Canada,2021-10-04,2005,R,96 min,Documentary
s0114,Movie,Wild Life 114,Director 3,"Actor A, Actor B",United Kingdom,2022-04-07,2021,PG-13,101 min,Drama
s0115,Movie,Tech World 115,Director 15,"Actor A, Actor B",Canada,2020-04-07,2019,TV-MA,84 min,Thriller
s0116,TV Show,Wild Life 116,Director 2,"Actor A, Actor B",India,2021-06-29,2006,PG-13,130 min,Comedy
s0117,TV Show,Mystery Island 117,Director 1,"Actor A, Actor B",Australia,2020-06-16,2004,PG,150 min,Comedy
s0118,Movie,Tech World 118,Director 14,"Actor A, Actor B",United States,2021-02-02,2004,PG,167 min,Drama
s0119,Movie,Love in Paris 119,Director 16,"Actor A, Actor B",United Kingdom,2023-04-24,2009,TV-14,150 min,Action
s0120,TV Show,Wild Life 120,Director 8,"Actor A, Actor B",Canada,2022-09-06,2008,TV-14,78 min,Documentary
s0121,Movie,Mystery Island 121,Director 9,"Actor A, Actor B",Canada,2023-03-03,2001,PG-13,179 min,Thriller
s0122,Movie,Hidden Truth 122,Director 10,"Actor A, Actor B",Australia,2022-08-08,2003,TV-14,144 min,Documentary
s0123,TV Show,Tech World 123,Director 16,"Actor A, Actor B",United Kingdom,2018-11-01,2022,PG-13,130 min,Thriller
s0124,TV Show,Space Journey 124,Director 8,"Actor A, Actor B",Australia,2020-07-21,2007,R,89 min,Documentary
s0125,TV Show,Comedy Nights 125,Director 13,"Actor A, Actor B",India,2019-10-14,1996,R,64 min,Comedy
s0126,TV Show,Mystery Island 126,Director 15,"Actor A, Actor B",United States,2023-06-01,2011,TV-14,176 min,Documentary
s0127,Movie,Comedy Nights 127,Director 5,"Actor A, Actor B",United States,2022-01-19,1995,R,160 min,Action
s0128,TV Show,Mystery Island 128,Director 11,"Actor A, Actor B",Australia,2021-06-30,2005,R,100 min,Documentary
s0129,Movie,History 101 129,Director 3,"Actor A, Actor B",India,2021-01-13,2022,PG-13,89 min,Drama
s0130,Movie,Wild Life 130,Director 6,"Actor A, Actor B",United Kingdom,2018-07-21,2008,TV-MA,65 min,Action
s0131,TV Show,The Last Stand 131,Director 12,"Actor A, Actor B",Canada,2018-04-25,2020,PG,91 min,Thriller
s0132,Movie,Love in Paris 132,Director 6,"Actor A, Actor B",United States,2021-03-05,2008,TV-14,171 min,Documentary
s0133,Movie,Wild Life 133,Director 19,"Actor A, Actor B",India,2021-10-31,2014,PG,119 min,Action
s0134,Movie,Wild Life 134,Director 10,"Actor A, Actor B",Australia,2019-06-07,2009,PG,69 min,Documentary
s0135,TV Show,Comedy Nights 135,Director 9,"Actor A, Actor B",Canada,2021-04-18,2006,PG-13,85 min,Documentary
s0136,Movie,Space Journey 136,Director 13,"Actor A, Actor B",Australia,2020-09-16,2022,PG-13,133 min,Action
s0137,Movie,Comedy Nights 137,Director 9,"Actor A, Actor B",United States,2019-08-28,2017,TV-14,170 min,Drama
s0138,TV Show,Hidden Truth 138,Director 8,"Actor A, Actor B",Australia,2022-03-07,2014,PG-13,88 min,Comedy
s0139,Movie,Mystery Island 139,Director 2,"Actor A, Actor B",United Kingdom,2019-05-29,2014,R,64 min,Thriller
s0140,Movie,Mystery Island 140,Director 10,"Actor A, Actor B",United Kingdom,2022-02-08,2006,R,82 min,Comedy
s0141,TV Show,Tech World 141,Director 17,"Actor A, Actor B",United Kingdom,2022-05-30,1999,PG,92 min,Documentary
s0142,TV Show,Mystery Island 142,Director 15,"Actor A, Actor B",United States,2019-08-28,2020,PG,156 min,Comedy
s0143,TV Show,Tech World 143,Director 12,"Actor A, Actor B",United States,2021-10-17,2022,R,61 min,Action
s0144,TV Show,The Last Stand 144,Director 9,"Actor A, Actor B",Australia,2018-09-11,2012,R,165 min,Action
s0145,Movie,Wild Life 145,Director 1,"Actor A, Actor B",Australia,2021-10-14,1998,TV-14,101 min,Thriller
s0146,Movie,Wild Life 146,Director 10,"Actor A, Actor B",Canada,2021-08-19,2002,TV-MA,77 min,Drama
s0147,TV Show,Mystery Island 147,Director 4,"Actor A, Actor B",India,2019-09-16,1996,TV-14,77 min,Documentary
s0148,TV Show,History 101 148,Director 5,"Actor A, Actor B",Canada,2020-01-30,2009,TV-MA,166 min,Documentary
s0149,TV Show,The Great Escape 149,Director 12,"Actor A, Actor B",India,2020-04-15,2014,R,116 min,Comedy
s0150,Movie,The Last Stand 150,Director 18,"Actor A, Actor B",United Kingdom,2020-01-13,2022,TV-MA,110 min,Action
s0151,Movie,Wild Life 151,Director 3,"Actor A, Actor B",India,2023-06-06,2001,TV-14,62 min,Drama
s0152,Movie,Love in Paris 152,Director 19,"Actor A, Actor B",India,2019-11-15,2020,TV-MA,166 min,Thriller
s0153,Movie,Space Journey 153,Director 11,"Actor A, Actor B",India,2021-04-15,2001,TV-14,60 min,Action
s0154,Movie,Tech World 154,Director 9,"Actor A, Actor B",India,2018-10-24,2022,TV-MA,144 min,Drama
s0155,TV Show,Space Journey 155,Director 19,"Actor A, Actor B",United Kingdom,2018-01-31,1999,TV-MA,82 min,Action
s0156,TV Show,Tech World 156,Director 4,"Actor A, Actor B",United States,2018-09-17,1996,R,117 min,Action
s0157,Movie,Wild Life 157,Director 17,"Actor A, Actor B",India,2021-04-30,2011,TV-14,65 min,Thriller
s0158,Movie,The Great Escape 158,Director 16,"Actor A, Actor B",Canada,2020-07-27,2004,R,147 min,Drama
s0159,TV Show,Mystery Island 159,Director 3,"Actor A, Actor B",United Kingdom,2021-12-29,2010,TV-14,78 min,Drama
s0160,TV Show,Comedy Nights 160,Director 20,"Actor A, Actor B",Australia,2019-07-18,1999,PG-13,118 min,Thriller
s0161,Movie,Mystery Island 161,Director 18,"Actor A, Actor B",India,2020-05-31,2014,R,117 min,Comedy
s0162,TV Show,Comedy Nights 162,Director 14,"Actor A, Actor B",United States,2019-11-26,2008,PG-13,114 min,Action
s0163,TV Show,Love in Paris 163,Director 16,"Actor A, Actor B",United States,2019-06-07,2016,TV-MA,166 min,Drama
s0164,Movie,The Last Stand 164,Director 5,"Actor A, Actor B",Australia,2020-06-03,1997,TV-MA,135 min,Thriller
s0165,Movie,Comedy Nights 165,Director 12,"Actor A, Actor B",Canada,2019-11-07,2012,TV-MA,96 min,Thriller
s0166,Movie,History 101 166,Director 17,"Actor A, Actor B",India,2019-12-22,2004,PG,144 min,Documentary
s0167,Movie,The Last Stand 167,Director 18,"Actor A, Actor B",United Kingdom,2022-10-02,2002,TV-MA,157 min,Action
s0168,TV Show,Tech World 168,Director 20,"Actor A, Actor B",Australia,2019-04-09,2013,TV-14,63 min,Thriller
s0169,TV Show,The Great Escape 169,Director 6,"Actor A, Actor B",United Kingdom,2022-08-26,2016,PG-13,177 min,Action
s0170,Movie,Love in Paris 170,Director 19,"Actor A, Actor B",Canada,2018-01-13,2006,TV-MA,78 min,Drama
s0171,Movie,Comedy Nights 171,Director 14,"Actor A, Actor B",Canada,2022-03-09,1997,PG-13,80 min,Action
s0172,TV Show,History 101 172,Director 20,"Actor A, Actor B",United States,2022-01-17,2004,TV-MA,79 min,Comedy
s0173,Movie,Mystery Island 173,Director 9,"Actor A, Actor B",Canada,2021-06-19,2019,R,122 min,Thriller
s0174,TV Show,Space Journey 174,Director 17,"Actor A, Actor B",United States,2020-04-28,2009,PG-13,115 min,Drama
s0175,TV Show,Tech World 175,Director 10,"Actor A, Actor B",United States,2021-10-20,2004,PG,110 min,Thriller
s0176,Movie,Hidden Truth 176,Director 7,"Actor A, Actor B",India,2018-01-16,1996,PG-13,97 min,Action
s0177,TV Show,Comedy Nights 177,Director 6,"Actor A, Actor B",India,2018-01-16,1998,R,128 min,Comedy
s0178,TV Show,Mystery Island 178,Director 13,"Actor A, Actor B",United States,2021-02-18,2011,R,62 min,Documentary
s0179,TV Show,History 101 179,Director 14,"Actor A, Actor B",Australia,2022-11-01,1997,R,150 min,Documentary
s0180,TV Show,The Great Escape 180,Director 11,"Actor A, Actor B",India,2018-08-24,2004,TV-14,118 min,Action
s0181,Movie,Space Journey 181,Director 14,"Actor A, Actor B",Australia,2020-06-13,1997,R,127 min,Drama
s0182,TV Show,The Last Stand 182,Director 8,"Actor A, Actor B",United Kingdom,2022-11-18,2007,PG,69 min,Thriller
s0183,Movie,The Last Stand 183,Director 12,"Actor A, Actor B",India,2018-08-22,2015,PG,73 min,Comedy
s0184,Movie,History 101 184,Director 5,"Actor A, Actor B",United States,2019-02-09,2003,PG,158 min,Documentary
s0185,TV Show,History 101 185,Director 20,"Actor A, Actor B",United Kingdom,2022-03-26,2009,PG-13,79 min,Documentary
s0186,TV Show,Hidden Truth 186,Director 9,"Actor A, Actor B",Australia,2020-08-18,1997,TV-MA,105 min,Thriller
s0187,TV Show,Wild Life 187,Director 2,"Actor A, Actor B",United States,2019-09-28,1997,PG-13,166 min,Action
s0188,Movie,History 101 188,Director 20,"Actor A, Actor B",Australia,2021-08-13,1997,R,119 min,Thriller
s0189,Movie,Wild Life 189,Director 19,"Actor A, Actor B",India,2023-05-09,2012,PG-13,137 min,Documentary
s0190,Movie,Wild Life 190,Director 4,"Actor A, Actor B",United Kingdom,2018-11-05,2011,TV-MA,124 min,Comedy
s0191,TV Show,Wild Life 191,Director 17,"Actor A, Actor B",Australia,2019-05-23,1996,TV-14,80 min,Action
s0192,TV Show,Comedy Nights 192,Director 14,"Actor A, Actor B",United Kingdom,2023-02-23,2006,TV-14,66 min,Action
s0193,Movie,Tech World 193,Director 13,"Actor A, Actor B",United Kingdom,2019-11-07,1997,PG-13,152 min,Thriller
s0194,TV Show,Mystery Island 194,Director 19,"Actor A, Actor B",India,2018-11-04,2022,PG-13,99 min,Documentary
s0195,Movie,Hidden Truth 195,Director 18,"Actor A, Actor B",Canada,2021-05-03,1999,PG-13,164 min,Comedy
s0196,Movie,Comedy Nights 196,Director 17,"Actor A, Actor B",United Kingdom,2021-12-10,2016,TV-MA,106 min,Action
s0197,Movie,The Last Stand 197,Director 16,"Actor A, Actor B",India,2023-05-02,2000,PG,77 min,Comedy
s0198,Movie,Tech World 198,Director 18,"Actor A, Actor B",Australia,2019-08-29,1997,TV-MA,144 min,Action
s0199,Movie,History 101 199,Director 13,"Actor A, Actor B",India,2022-04-19,2023,PG,83 min,Thriller
s0200,Movie,Wild Life 200,Director 2,"Actor A, Actor B",Canada,2023-01-23,2020,PG-13,146 min,Comedy
